{"cameraMode":{"drawMode":0,"name":"Shaded","section":"Shading Mode"},"sceneLighting":false,"audioPlay":false,"sceneViewState":{"m_AlwaysRefresh":false,"showFog":true,"showSkybox":false,"showFlares":true,"showImageEffects":true,"showParticleSystems":true,"showVisualEffectGraphs":true,"m_FxEnabled":true},"in2DMode":false,"pivot":{"x":0.06902122497558594,"y":-0.1594846248626709,"z":-0.34292083978652956},"rotation":{"x":-0.06985990703105927,"y":0.8372673988342285,"z":-0.11015166342258454,"w":-0.531008243560791},"size":1.1646262407302857,"orthographic":false}